passport_id,eth_address,ens_name
0,0xE4BE9b821f84Ec062865372914c8392CA8F31464,
1,0x05a4448597935c508e4ad0D2CF56d56beDb246Ce,wefet.eth
2,0x69A5c0Db191697D11b0Ac5637c3445D38AF4b15b,incrediblez7.eth
3,0x443d40B2AA10cb01884A97281Dc8ac3cCb0eef2a,tingfei.eth
4,0x6412517845128C289e111Ad9dA26100f78e529d8,massatio.eth
5,0x85cb2A16698b38d48D010BD5DD0B98cDD89f570F,erken.eth
6,0xD8de315eB7A00f4155d1Ea9eb4eb6888Ae715631,hugo168.eth
7,0x90b0dEc1f1bbA847015904C115B8A99BF22925c5,unigo.eth
8,0x61c872A66d79d932F9aEE874b397F2D50Ed78326,
9,0xf3FE8c6c75bE4afB2F8200Fc77339abE4D7CFF33,kuiqian.eth
10,0x144cebfB9BebcbdeeCD5429466044c9026DF403c,384000.eth
11,0x2Eb894FA9708692867781d64F36e550849C3A38C,1319.eth
12,0xA0a0e4c41eAC834d12F83120e298cd24fd6DE1aA,cryptomage.eth
13,0x0096dE908BabE0C94114Da6f5D2Cb47f7DC1B665,intrepid-explorer.eth
14,0x8465f0641137130873Dc204366C125CcCB1f591F,87678.eth
15,0x540A6950376edC97D449EcCfd1987C100843Be72,
16,0x636d65212C815b93B8E5b069f7082169cec851b7,gallego.eth
17,0xfba1C821847909B1A246c2a0577754c33cfa5439,sankara.eth
18,0x957e05840d80a31A26df11eE2DF13cc894b588bb,imstone.eth
19,0x5Bef8a4Bf4b9E00CFBb12C22c759915cA7A895AD,andrewteh.eth
20,0x24B1edfD5FE28e4A50B0D0bC248D1D84FD91d62A,
21,0xc50EFF9cF391e1FBBf0d207D0AE52AA6df1B603B,gitdao.eth
22,0x199c719C83D8246559700c00fFF8CDe14182E192,cbdao.eth
23,0x28eEb97C6b2A8F78C6849F9E0a31A270984017de,
24,0xF968030893d9A02f51D135c5EeF17513A2981acA,obanana.eth
25,0x4CDeE86f463b4E08851Aa2fdc05E578Cd78586Ed,0xstt.eth
26,0x568b9bFfF4a3a7C7351db84EC2F4Ad4CA147A1D0,yukiw.eth
27,0x763AD28bc4436590FD61998561730B0f7790E955,hellobike.eth
28,0x0f0f32274AD450a5C9E974de03eC9bD10c7b1968,
29,0xD64ba09385C90603dC8B27e93771Bb3222cE96a4,
30,0x759aB0D3B8b2E681d1D77e63d61f0D351930063C,cryptohc.eth
31,0x0a8928e9CEde470bf74Fd1ffb7f220ddBc7344af,yiran.eth
32,0x2c1FE28d9025c436Fa9332BbcB3065D9108106BB,
33,0xe1b1AFE9Cba5aD5b960584e3DE7d20cbda4C184e,charlesgu.eth
34,0x200B5f0DE160646CbB988e2d9C4602779BC12681,
35,0x40F51Eb502Ac737b4874925fEac8C970F9B01f74,ziggy78.eth
36,0xD153751aCDBB6c2c7645671dcC2Cef98A83F5327,0ak.eth
37,0xE6773707b3C094fe29DDAaA251b173Eb9A03574A,00512.eth
38,0x62b4A2a1C90390CF172D3625B7Fd3fB659078595,
39,0x222eef670389407353f536662AEA3C4EaFd7b0a5,ringo.eth
40,0x9Ee4cA177D4c499E4640a9439de7174594b1Cd9E,
41,0x5D07A2FD6bD208fCba0Fd0513bBAF6ec2730af40,web3fan.eth
42,0x8bF1e340055c7dE62F11229A149d3A1918de3d74,juar.eth
43,0x460AF11e497dc273fC163414943C6fd95d17B1fd,hi.luisc.eth
44,0x008c65dec50C84a6118642b5A0a8c5D75582c7ca,
45,0x7e3B0829476B32578A5d5fCEBC7C2591b2e43758,tokengogo.eth
46,0x7b3B868CF92BF6BCa3D91949286345639C340617,
47,0x44B51dB19Cc008ff07A4F7da03d6DF11C74C6112,savejusticedao.eth
48,0xeba5A44937596429D8A8Fc117fB6e514783BD7E9,solnfttrade.eth
49,0x84837167155c104e0dd9d4BE8557Fb5D4160DD81,misslida.eth
50,0x33a170b618855ad78117D997Af009e8E16dcC7D6,
51,0x36E9a9184787346215F8b41cc4c1cf75C3df14Ce,panghu233.eth
52,0x978452C747ee0B617285cAf3c50Cae0103aF5656,josefje.eth
53,0x5a6d32Dd7F169FAE453e0f0866E5b8334F66889a,upman.eth
54,0x186baD94057591918c3265C4Ddb12874324BE8Ac,dashuo.eth
55,0x3c9cfef0f5BbC4b1936bB1785EC485E56ca6F6Ba,
56,0xF4B2eCA9C0e8f40C70ea1dC5A6076891cafd3F10,cryptomole.eth
57,0xA67B181369939629495d6C36750ba5e8D7a62323,28886.eth
58,0x5F33734D47761b1578f20808714adf2A669D23A8,
59,0x0D75363981488F3376Fdce70FB5A6dD47C1Ed935,adela.eth
60,0xb879Be7Af16A8C721Ba381487627488b14519aBc,
61,0x9fB203E1542a488F685F0085100660C7273CfD5b,hammersickle.eth
62,0x78b027de4c6211E0f958C986135FEfCC31b7c4A1,oneday-a8.eth
63,0x7A43C0F2f3F7Ec470d200295F72292C98FD55307,
64,0x5E1C3834D5200fec3e01a51ccb70f6F00A2418aa,
65,0xe25B7ef2Ebf5fc9826229533146F3817422f3b67,minxu.eth
66,0x503ffEC4cB59b4D8CD2308fc793F6aBCe32CeF0A,
67,0xCA933E8a503E33be92a209D3ABDee69eE747F019,
68,0xC173d302bD62b45754DC0aBFAd1407ddDb40D050,
69,0x39a3Fba9BfDD5F0FC7e83A9cD32C9fA425A40C80,
70,0x9151D344AcAb2dd9cCC40Ae15b2963148eDf18ee,
71,0xC9fcB06bF27293B10303b00fFA05adB63bf9B73b,alielie.eth
72,0xe28b3058a2f7F251741a7289B633a902126260ea,lik33.eth
73,0xeA304a0d0E23A2BC5fFC48c8E841c11D71687c8C,820819.eth
74,0xAA4197C2efCf7cC9919d582c9246237eBc4209D2,bigpolarbear.eth
75,0x2DeA8f1662a0a64058971B4B9Eb0A2FBe1DFc1E6,time12.eth
76,0xd1E8487e49CC24a4879dcaBBC946ab99489fA997,fuckgabrielshipton.eth
77,0x29A4cF905Fd5B4C24e488C25bc02078e08Ba2268,fuckusdollar.eth
78,0x8c14D46C920c877d296aaf34F5fC65fF6D8C01CF,shep.eth
79,0x01b009aDd41B107411266248ecE40b0f3f98A413,
80,0x29fE8AA2798116332bc9A9Dfac9a0072AD7C4196,alicegame.eth
81,0x751893105B1eCe3b7fEda367B92Cd1Bcf2Abd673,
82,0x1C208FCB9d15e0e04a0A579E0f6121E2057ff7f6,ooplay.eth
83,0xCbd0B5491D4FD378D8A3261bFd8f321AF63659f6,wb3akk.eth
84,0xC10c4dD2B2d51c575810BEef45A033C96A3Be1bA,
85,0x1fC1D46D195a8649adb5188A2506fA62E07d0654,eth520.eth
86,0xaBf26352aAdAAa1CabFfB3a55e378bac6BF15791,dexbank.eth
87,0xC065F5D649cdbe291f67d282B31e49eEfA17EF11,mexcglobal.eth
88,0x701d7ec468a8fF9Bd4B76Be049e40cAB79fb3310,tooz.eth
89,0x5df52E6B70F25919Ad29add390EFE2614f91b2C6,not.eth
90,0xC8d4a8970035f9F3fd01dbd238C97b5348Aa3199,
91,0x6b2b69c6e5490Be701AbFbFa440174f808C1a33B,izqui.eth
92,0xBFa43bf6E9FB6d5CC253Ff23c31F2b86a739bB98,0xruby.eth
93,0x25aD71E78aF2b33B3Aeb2573c1dF93AA078a6216,brayton.eth
94,0xC6034Fb18ABB066605c5D9A45039664f2B95EEB0,zerometa.eth
95,0xDc260DA83CD84772e3bc12DE2066AFf673e0B654,
96,0x0B42185D8B613Af51ce1Bf1E0992DD00eF893089,
97,0x39978cc40e2D1d7E127050bDFFFBB0dFcfaEbAd0,wuye.eth
98,0x61751BC401f4EABe10A238661B4A60ba84910059,dawn1ng.sismo.eth
99,0x8e9F36cE580ca12d96E112Aa1aD5058610Ce752f,
100,0xCf2b7c6Bc98bfE0D6138A25a3b6162B51F75e05d,0xphoenix.eth
101,0xAf4807D083287f205d897e6D00c6FdE1bF0A241A,wilsonng.eth
102,0xA51B7D35376809156528108E6c2e2f200A24fd42,icangpin.eth
103,0x42b39B6a479159749ab9b5C6681dB69d41b12a52,
104,0x78336F51dAa5cFd03a1C3E4A76F88CC0818A60D9,
105,0xB23E8C29a9Cc468BA60e0438233398bDb64A6897,
106,0xDdf767f258adf0af89896621349cAdcf8722f771,330eth.eth
107,0xEb8B597fBeD029083dfa2c449e32d9560E8591D3,d0001.eth
108,0xD15B5fA5370f0c3Cc068F107B7691e6dab678799,abing.eth
109,0x2337F09ef3192aEbd8477cdC34d029804f7EDb92,luka077.eth
110,0x8C9c8a244c71A23b45ebbDD9d881afe993d5b13d,afurmanczyk.eth
111,0xaD9F9194C68BD83250A534a7DA574687e1F102Ff,
112,0x11Da0D7401319585ca421A3715888B362da7Fe6B,打打打打打打打打打打打打打.eth
113,0xF3Fb852A7a9486201B28311ba316721F04D2690E,kike.eth
114,0x547a6cC3FCc6F330194Bb216a8Bc5BD7A41309D4,terranullius.eth
115,0xE10c11130a43d2e361CdaFE0CA3531fa149D87d4,
116,0x8e6d23050db78798c682A05393C881F8E6B76EA3,ruiyandou.eth
117,0x1fa400CF5129f681E436b89413d96FF0FE40AF46,120120.eth
118,0x4c55C41Bd839B3552fb2AbecaCFdF4a5D2879Cb9,pipilu.eth
119,0x3B8eF2Bc9c975EAd87FE2708e38aCCa7BE98df7f,wninny.eth
120,0xCa48Be2ceE86c3C1c9775B40cC20bD7fDcbEF436,malatang.eth
121,0xC36edF48e21cf395B206352A1819DE658fD7f988,ecdsa.eth
122,0xd19762943d1028B19626116C6D11482a79B65374,
123,0xEd308A08B051dA28D59606D9Dd9a3dced7Ad188c,tobebetter.eth
124,0xcc5B73E4dae936F3BD830F048303c076EaE3edF9,mycadillac.eth
125,0x30c35950F2A8B8b76338bcd0b4d6fe67C98d2439,
126,0x57bd982d577660Ab22d0a65d2C0a32E482112348,
127,0x3316263C19bed1A29a88F3d7f8e95b15eAe9a385,dysthymia.eth
128,0xAfA677370F7196D186Fb596C6C5000e5255EeC3C,hi168.eth
129,0xC6BE0269802C219Fa41cD93565410413025167B8,
130,0xBa68fbc460883Ec7Ae7309Bbbbe441764CD0D35f,
131,0xC6dC43634bbC028eEbbFFD909C9aC9F5796258A7,
132,0x319E8Bcd816478270E0698c251E5BbbFB4928B60,mdmdiidbs.eth
133,0x0E2647941fa962994eF498167cb0684D20E0eDC9,saveassangedao.eth
134,0xCeB23cA0E5882cC4b00f4Ab400317C874CD66A08,vuittonbull.eth
135,0x2EE5d983eF15Fff984fBE216BBEbF520C2635190,xiaoyaoke.eth
136,0x485F5085E17B96ca00A6D4c14A6C126cA5b14649,hoyoo.eth
137,0xE6C486eb5f5cC2C64b53AB6c3942986D648C9b89,czizzy.eth
138,0xA37271736c9d3E27a65d75b3839Bf3638191c1Fc,
139,0x5c5B26903456B6e357004F73F0e183dC4F0d21da,jewsonmolorom.eth
140,0x949b82Dfc04558bC4D3CA033A1B194915a3A3bEE,zhangbx.eth
141,0x726CDC837384a7Deb8bbea64beba2E7b4d7346c0,
142,0xbD1eF9F9c500aa2828b918a769B03F18C3d5545f,lrochat.eth
143,0x08b296a897b1c8A033066A34Dfde80c66A825D7B,refibank.eth
144,0xcc016888627F58D784A0BE6E62d159aDF8057D71,xiaobaitu.eth
145,0x4761D299899CbFD0AD2419c38922a148A6c64254,
146,0x4eDeC396dB3A5C7b29277018784c3edA83688Fd9,tonym.eth
147,0xcDB1F3e47A0F58920D22e82FAd9d3eB4784A466E,people2021.eth
148,0x5A9E91b826BE005B2613441De1F2d9Cfcd8b1Fad,xyxno1.eth
149,0x6bB6c0BE4847E1432130353Af693E33c66778F3e,alanxing.eth
150,0x9842621d0BcF1B05dce353ce149BdeEA98BaC6Ee,8287.eth
151,0x78c47Df80591DB8ffb1d7C4577CFE6394d9cF814,
152,0xEc7a2A948bf5f7E83AAA55D2A0A79C13fC95541E,xue99.eth
153,0x8C702A9a6e0cd14a53251C630743c4F5327eddE8,calman.eth
154,0xD07E37862B11CA2186922F1c71f61D952d2b93e8,xiaoyisi.eth
155,0x8c67eD8021A2f1606671B7A8532dFddB4528962C,pongtable.eth
156,0xDfAFa55C52bEEe3548272E3c2678BDf5B65D33b4,
157,0x8514C6c7E29EB97879b93FD38Bf55Ed2639ebeD1,dashygb.eth
158,0x589f8916036D9CCFB9D04B2C6819e982899ef84B,whaleexpedition.eth
159,0x79438224Bc21b0E6B45ECF9F8caADfBdB874DedD,whatisbtc.eth
160,0x38123a191e9685448658d2207B0543E2Fb9282cC,palyfi.eth
161,0x02131A5831B2e46cfE867Ad3E3344fc3eDaB59dA,btcoin10w.eth
162,0x229Fd251AcF90b17529F1a8fC49A6ceC93dA56Eb,
163,0x521aacB43d89E1b8FFD64d9eF76B0a1074dEdaF8,bobjiang.eth
164,0x9Fc9Ba827F682C19bbc9C7657a424dFE2C98eE52,beiying.eth
165,0xe44358E670e5084Ca16a5eA41e24d81e66a1F14a,bttb.eth
166,0xF84877138A1924C298632250745C91E37532d8C7,blumerdao.eth
167,0x70f7a2Ca4930C19669cd71d12Da9922E230905Aa,
168,0xdA2a387fAA9F6a679875072e1A82A0059A6D34c0,
169,0xb33eDF0aba01F459B569A85aE6311ec683A20d7f,
170,0xf3FDa45764d2C162FBdE6d9c9141877FD76e59E7,nation3er.eth
171,0x47d80912400ef8f8224531EBEB1ce8f2ACf4b75a,abuusama.eth
172,0xEdd000B7Db3cb8931d4E0cb1D0DBe6B947Ceb09A,0xfad3.eth
173,0x57559246958078503FBc24D8E8D5b419d6CAb24C,purplepanda.eth
174,0x2Ee8670d2b936985D5fb1EE968810c155D3bB9cA,jwpe.eth
175,0xc2585a806E3c8F6ae3B79D363348aE8cAd8A3B45,sebi.eth
176,0xb85368Cc6f3ae6D5ebAaEc87845Fe898B5F6e450,
177,0xbE5D934BBa59982F6616D4067d46C3425Cc2fDd9,
178,0x272F1c8850df46D83b240d5D9F0Dcf460980670E,malechi.eth
179,0x7EC21baD87F164EB25987f95Ed29baeC55DF3873,potaoguy.eth
180,0xD89D73DFfABB2d574c1854D3f836857Fb043Bfa3,
181,0x42E6DD8D517abB3E4f6611Ca53a8D1243C183fB0,leuts.eth
182,0xd4630e7eb57B9076A21F3D8960F9197ae737330A,xway.eth
183,0x0ef6E547DD86de09F0E8eCE1E5A9f5cCB335aDE1,
184,0x3006ef6777ccC79C3aF305101Fe0B3D14bd47b59,capitalistarebelde.eth
185,0x869CAdbD7718e1e8dDd0dF2a98C04547546633D7,
186,0x42d8219348EADce7a1a8be81F85464b85f09cD9a,
187,0xF755556F009E1C66Ca32296D6f74444F37ECF1F1,bcool.eth
188,0x507c20ef269726B2d0B8Efe9f6b75a4dDD9ef741,0xgazpacho.eth
189,0xE66Dc9470dB6AAeD3CE50F371eCA4EC0b4fA6b91,
190,0x73371A54B6B0e8D8524d37913Cd48aF8d932C79B,stefanobernardi.eth
191,0xCB678c41afc309c441aF88cB61c336DCFC06BEE3,metrox.eth
192,0xF51d8130EA567A1c5E0038D2e38e61398a3FF909,nation3ens.eth
193,0x24F15402C6Bb870554489b2fd2049A85d75B982f,chaitu.eth
194,0x15Fab1cC5262D69853b1196f74d38C7FC96Fc6D7,promisesk.eth
195,0xe8743b76D1aaa0C259B5B91F10dc594770B6a08c,pipikaka.eth
196,0x0a28C0BDBD3FE526cFfc0C7332C2c45C3f347c34,rdry.eth
197,0x529408a6962Bae6Ca5328874d633738116B89B05,dennisgan.eth
198,0xc8496CFA7F9F9EfEBa1d04dDB44461bBb8662158,vidyx.eth
199,0x6a765Fa033aaB42f66B306e81e690ff5339525c2,zhaojiayi.eth
200,0xf987899db190759486356386FE92676bcCdAd18c,turtl3inv.eth
201,0x5975Ec3C60ad6391722Fa5A7F8f9C15a3908d596,12308.eth
202,0xADc73EB8E4673e5FD5A9c709c4379c074991F2D3,okhai.eth
203,0xb00d51d3992BC412f783D0e21EDcf952Ce651D91,huangnanlv.eth
204,0x0F465F7ce5a1e26C402177194653c12e7222F127,xiangren131419.eth
205,0xe6f4DC7260e77AA6Dc2F36596F3d19493eB20B93,luffy54.eth
206,0xF1749bDf6778d3FF38BD69c08452a3A3E0034fcD,jacksonfanfyp.eth
207,0xD67a083E546dA29ffB839A0fA741503A432CB101,jaybaba.eth
208,0x3be9909766f2D5c3bf3e587fF4E53790ba4E40aF,yangzhiyan.eth
209,0x8b9adbAf6f54db3B7EeAB54ADd3F0fFA836E52C5,aadopii.eth
210,0x6A26810b6EEED68067d9f63734Ba9C7deA750Ca5,metaatem.eth
211,0x51F144d6B9370Be879943dC1Ba149353A8778033,byteland.eth
212,0x568588CF1896186Da51593f4ee5925712112Ee30,lindong.eth
213,0x9aB5743Ba1835aAE3802557D25a0009A8941226C,freshminds.eth
214,0xd3579D5AfFA632B1630a731897a71Dc36e1A70f4,miaow.eth
215,0x6947A6db176b953DB0514dFa5482Ce2fdC337ed7,bitsnow.eth
216,0xFA4572b4E734587Fe0b4d415a92E6654C0c71460,9392x.eth
217,0xa4d3316B09125C0d1Bbfe757f43D3Aae4e4e9D8f,onbtc.eth
218,0x2C3b3338543EC85A98f4cFae089d1821453BB62f,sopay.eth
219,0x64C8eDB2aF58db2E0b9d0E52FB4099876210A929,bytepunk.eth
220,0x9EEd555A7b54471a0808CEC8d176980323674BC8,duckbill.eth
221,0xA2EaE2a749103C5631D5525D136EC7B956Dd7c85,superalloy.eth
222,0x8e26545cA905148a209dcb476e081f3716f4Ca0f,
223,0xC54A6C3778016b06cBD126cCc3B5Bc06c5F666fb,ly888.eth
